set search_path = public;

insert into public.categories (id, name, slug, description, is_active)
values
  ('10000000-0000-0000-0000-000000000001', 'Skincare', 'skincare', 'Premium skincare products for radiant, youthful skin.', true),
  ('10000000-0000-0000-0000-000000000002', 'Anti-Aging', 'anti-aging', 'Advanced formulas to combat aging and restore vitality.', true),
  ('10000000-0000-0000-0000-000000000003', 'Beverages', 'beverages', 'Functional coffees and teas for health and energy.', true),
  ('10000000-0000-0000-0000-000000000004', 'Supplements', 'supplements', 'Nutritional supplements for overall wellness.', true),
  ('10000000-0000-0000-0000-000000000005', 'Joint Health', 'joint-health', 'Support for healthy joints and mobility.', true),
  ('10000000-0000-0000-0000-000000000006', 'Bone Health', 'bone-health', 'Calcium and mineral support for strong bones.', true),
  ('10000000-0000-0000-0000-000000000007', 'Digestive Health', 'digestive-health', 'Products for digestive comfort and gut health.', true),
  ('10000000-0000-0000-0000-000000000008', 'Personal Care', 'personal-care', 'Daily essentials for personal hygiene and care.', true),
  ('10000000-0000-0000-0000-000000000009', 'Weight Management', 'weight-management', 'Natural solutions for healthy weight control.', true),
  ('10000000-0000-0000-0000-000000000010', 'Women''s Health', 'womens-health', 'Specialized formulas for women''s wellness needs.', true),
  ('10000000-0000-0000-0000-000000000011', 'Men''s Health', 'mens-health', 'Targeted solutions for men''s vitality and wellness.', true),
  ('10000000-0000-0000-0000-000000000012', 'Brain Health', 'brain-health', 'Cognitive support for memory and mental clarity.', true),
  ('10000000-0000-0000-0000-000000000013', 'Detox', 'detox', 'Natural cleansing and detoxification support.', true)
on conflict (id) do update set
  name = excluded.name, slug = excluded.slug,
  description = excluded.description, is_active = excluded.is_active,
  updated_at = now();

insert into public.products (
  id, name, slug, description, price, compare_at_price,
  currency, sku, stock_qty, status, category_id
)
values
  ('20000000-0000-0000-0000-000000000001', 'Youth Essence Facial Cream', 'youth-essence-facial-cream', 'Packed with the latest cell technology and mitochondrial repair enzymes, this cream is the ultimate solution for restoring firmness.',
   537100, 596700, 'KES', 'BFS-SKN-001', 50, 'ACTIVE', '10000000-0000-0000-0000-000000000001'),
  ('20000000-0000-0000-0000-000000000002', 'Youth Essence Lotion', 'youth-essence-lotion', 'Contains Niacinamide and Astaxanthin for nourishing and brightening skin without bleaching.',
   394900, 438700, 'KES', 'BFS-SKN-002', 50, 'ACTIVE', '10000000-0000-0000-0000-000000000001'),
  ('20000000-0000-0000-0000-000000000003', 'Youth Essence Toner', 'youth-essence-toner', 'Designed to restore firmness, hydrate, and protect skin in seconds with advanced technology ingredients.',
   426500, 473800, 'KES', 'BFS-SKN-003', 50, 'ACTIVE', '10000000-0000-0000-0000-000000000001'),
  ('20000000-0000-0000-0000-000000000004', 'Youth Refreshing Facial Cleanser', 'youth-refreshing-facial-cleanser', 'Formulated with niacinamide to improve skin barrier and restore firmness quickly.',
   347500, 386100, 'KES', 'BFS-SKN-004', 50, 'ACTIVE', '10000000-0000-0000-0000-000000000001'),
  ('20000000-0000-0000-0000-000000000005', 'Youth Essence Facial Mask', 'youth-essence-facial-mask', 'Luxury skincare designed to restore firmness and reduce fine lines in minimal time.',
   284400, 315900, 'KES', 'BFS-SKN-005', 50, 'ACTIVE', '10000000-0000-0000-0000-000000000001'),
  ('20000000-0000-0000-0000-000000000006', 'Anatic Herbal Essence Soap', 'anatic-herbal-soap', 'Combines grapefruit, green tea extract, wild honey for deep hydration and age-defying benefits.',
   34800, 38600, 'KES', 'BFS-SKN-006', 50, 'ACTIVE', '10000000-0000-0000-0000-000000000001'),
  ('20000000-0000-0000-0000-000000000007', 'Derma Repair Body Lotion 150ml', 'derma-repair-lotion', 'Natural botanical ingredients for daily moisturizing and youthful skin health.',
   300000, null, 'KES', 'BFS-SKN-007', 50, 'ACTIVE', '10000000-0000-0000-0000-000000000001'),
  ('20000000-0000-0000-0000-000000000008', 'NMN DUO Release', 'nmn-duo-release', '100% absorbable formula created to fight aging and maximize potential with energy-boosting NAD+ support.',
   2850000, 3200000, 'KES', 'BFS-ANT-001', 50, 'ACTIVE', '10000000-0000-0000-0000-000000000002'),
  ('20000000-0000-0000-0000-000000000009', 'NMN Sharp Mind', 'nmn-sharp-mind', 'Contains NMN, Resveratrol, Ginkgo Biloba for cognitive performance and brain health.',
   3150000, 3500000, 'KES', 'BFS-ANT-002', 50, 'ACTIVE', '10000000-0000-0000-0000-000000000002'),
  ('20000000-0000-0000-0000-000000000010', 'Youth Ever', 'youth-ever', 'Age-defying potion with high absorption rate using cold-pressed technology and six fruits.',
   2200000, 2500000, 'KES', 'BFS-ANT-003', 50, 'ACTIVE', '10000000-0000-0000-0000-000000000002'),
  ('20000000-0000-0000-0000-000000000011', 'Xpower Coffee', 'xpower-coffee', 'Combines organic ginseng and Tongkat Ali for vigor, energy, and enhanced sexual confidence.',
   237000, 263300, 'KES', 'BFS-BEV-001', 50, 'ACTIVE', '10000000-0000-0000-0000-000000000003'),
  ('20000000-0000-0000-0000-000000000012', '4 in 1 Ginseng Coffee', 'ginseng-coffee', 'Premium all-natural coffee with ginseng extract for enhanced stamina and energy.',
   205400, 228200, 'KES', 'BFS-BEV-002', 50, 'ACTIVE', '10000000-0000-0000-0000-000000000003'),
  ('20000000-0000-0000-0000-000000000013', '4 in 1 Reishi Coffee', 'reishi-coffee', 'Colombian coffee beans with Reishi extract for immune support and rejuvenation.',
   205400, 228200, 'KES', 'BFS-BEV-003', 50, 'ACTIVE', '10000000-0000-0000-0000-000000000003'),
  ('20000000-0000-0000-0000-000000000014', '4 in 1 Cordyceps Coffee', 'cordyceps-coffee', 'Premium coffee with Cordyceps mushroom extract for energy and vitality.',
   205400, 228200, 'KES', 'BFS-BEV-004', 50, 'ACTIVE', '10000000-0000-0000-0000-000000000003'),
  ('20000000-0000-0000-0000-000000000015', 'Relivin Tea', 'relivin-tea', 'Caffeine-free herbal tea with green tea and luobuma for stress relief and blood pressure support.',
   284400, 315900, 'KES', 'BFS-BEV-005', 50, 'ACTIVE', '10000000-0000-0000-0000-000000000003'),
  ('20000000-0000-0000-0000-000000000016', 'Gym Ease Tea', 'gym-ease-tea', 'Contains Gymnema (sugar destroyer) for blood sugar control and weight management.',
   284400, 315900, 'KES', 'BFS-BEV-006', 50, 'ACTIVE', '10000000-0000-0000-0000-000000000003'),
  ('20000000-0000-0000-0000-000000000017', '4 IN 1 Quad Reishi Capsules', 'quad-reishi-capsules', 'Contains Yunzhi, Ganoderma, Chaga extracts for immune support and healthy blood sugar.',
   552900, 614300, 'KES', 'BFS-SUP-001', 50, 'ACTIVE', '10000000-0000-0000-0000-000000000004'),
  ('20000000-0000-0000-0000-000000000018', 'Pure & Broken Ganoderma Spores (30s)', 'pure-ganoderma-spores-30', 'Premium Ganoderma spores for immune support and overall wellness.',
   916200, 1017900, 'KES', 'BFS-SUP-002', 50, 'ACTIVE', '10000000-0000-0000-0000-000000000004'),
  ('20000000-0000-0000-0000-000000000019', 'Pure & Broken Ganoderma Spores (60s)', 'pure-ganoderma-spores-60', 'Premium Ganoderma spores for immune support and overall wellness - larger pack.',
   1737500, 1930500, 'KES', 'BFS-SUP-003', 50, 'ACTIVE', '10000000-0000-0000-0000-000000000004'),
  ('20000000-0000-0000-0000-000000000020', 'Pure Broken Ganoderma Spores Oil Capsules (60s)', 'ganoderma-spores-oil-60', 'Premium Ganoderma spores oil for enhanced bioavailability.',
   2021800, 2246400, 'KES', 'BFS-SUP-004', 50, 'ACTIVE', '10000000-0000-0000-0000-000000000004'),
  ('20000000-0000-0000-0000-000000000021', 'Refined Yunzhi Essence', 'refined-yunzhi-essence', 'Refined Yunzhi mushroom essence for immune modulation.',
   458100, 509000, 'KES', 'BFS-SUP-005', 50, 'ACTIVE', '10000000-0000-0000-0000-000000000004'),
  ('20000000-0000-0000-0000-000000000022', 'Veggie Veggie', 'veggie-veggie', 'Concentrated vegetable nutrients for daily nutritional support.',
   473900, 526500, 'KES', 'BFS-SUP-006', 50, 'ACTIVE', '10000000-0000-0000-0000-000000000004'),
  ('20000000-0000-0000-0000-000000000023', 'Blueberry Chewable Tablets', 'blueberry-chewable', 'Blueberry-flavored chewable tablets for eye health and antioxidant support.',
   379100, 421200, 'KES', 'BFS-SUP-007', 50, 'ACTIVE', '10000000-0000-0000-0000-000000000004'),
  ('20000000-0000-0000-0000-000000000024', 'Vitamin C Chewable Tablets', 'vitamin-c-chewable', 'Chewable Vitamin C tablets for immune support.',
   315900, 351000, 'KES', 'BFS-SUP-008', 50, 'ACTIVE', '10000000-0000-0000-0000-000000000004'),
  ('20000000-0000-0000-0000-000000000025', 'Elements', 'elements', 'Essential mineral elements for overall health and wellbeing.',
   473900, 526500, 'KES', 'BFS-SUP-009', 50, 'ACTIVE', '10000000-0000-0000-0000-000000000004'),
  ('20000000-0000-0000-0000-000000000026', 'MicrO2 Cycle Tablets', 'micro2-cycle', 'Supports healthy blood circulation and oxygen delivery.',
   347500, 386100, 'KES', 'BFS-SUP-010', 50, 'ACTIVE', '10000000-0000-0000-0000-000000000004'),
  ('20000000-0000-0000-0000-000000000027', 'Dr Cow Smart Gummies', 'dr-cow-smart-gummies', 'Omega-3 gummy supplement for children''s growth, eyesight, appetite, and brain development support.',
   388800, null, 'KES', 'BFS-SUP-011', 50, 'ACTIVE', '10000000-0000-0000-0000-000000000004'),
  ('20000000-0000-0000-0000-000000000028', 'Gluzo-Joint Capsules', 'gluzo-joint-capsules', 'Super-strength glucosamine supports healthy cartilage and joint mobility.',
   442300, 491400, 'KES', 'BFS-JNT-001', 50, 'ACTIVE', '10000000-0000-0000-0000-000000000005'),
  ('20000000-0000-0000-0000-000000000029', 'Arthro Xtra Tablets', 'arthro-xtra-tablets', 'Combines glucosamine and chondroitin for cartilage support and joint health.',
   631800, 702000, 'KES', 'BFS-JNT-002', 50, 'ACTIVE', '10000000-0000-0000-0000-000000000005'),
  ('20000000-0000-0000-0000-000000000030', 'GluzoJoint-Ultra Pro', 'gluzo-joint-ultra-pro', 'Advanced formula for joint health and mobility - premium strength.',
   884600, 982800, 'KES', 'BFS-JNT-003', 50, 'ACTIVE', '10000000-0000-0000-0000-000000000005'),
  ('20000000-0000-0000-0000-000000000031', 'ZaminoCal Plus Capsules', 'zaminocal-plus-capsules', 'Calcium, zinc, magnesium, selenium formula for bone health and muscle cramp relief.',
   363300, 403600, 'KES', 'BFS-BON-001', 50, 'ACTIVE', '10000000-0000-0000-0000-000000000006'),
  ('20000000-0000-0000-0000-000000000032', 'Dr Cow Calcium Milk Candy', 'dr-cow-calcium-candy', 'Cartoon-shaped candies with New Zealand milk providing calcium equivalent of one cup.',
   379100, 421200, 'KES', 'BFS-BON-002', 50, 'ACTIVE', '10000000-0000-0000-0000-000000000006'),
  ('20000000-0000-0000-0000-000000000033', 'Calcium & Vitamin D3 Milk Tablets', 'calcium-vitamin-d3-milk', 'Calcium and Vitamin D3 combination for bone strength.',
   379100, 421200, 'KES', 'BFS-BON-003', 50, 'ACTIVE', '10000000-0000-0000-0000-000000000006'),
  ('20000000-0000-0000-0000-000000000034', 'NT Diarr Pills', 'nt-diarr-pills', 'Natural red bamboo pills for instant relief from diarrhea, toothaches, and menstrual discomfort.',
   189500, 210600, 'KES', 'BFS-DIG-001', 50, 'ACTIVE', '10000000-0000-0000-0000-000000000007'),
  ('20000000-0000-0000-0000-000000000035', 'Novel Depile Capsules', 'novel-depile-capsules', '100% natural treatment for hemorrhoid relief without surgery.',
   347500, 386100, 'KES', 'BFS-DIG-002', 50, 'ACTIVE', '10000000-0000-0000-0000-000000000007'),
  ('20000000-0000-0000-0000-000000000036', 'Consti Relax Solution', 'consti-relax-solution', 'Contains Radix Astragali and FOS prebiotic for digestive health and toxin removal.',
   458100, 509000, 'KES', 'BFS-DIG-003', 50, 'ACTIVE', '10000000-0000-0000-0000-000000000007'),
  ('20000000-0000-0000-0000-000000000037', 'Probio 3 Plus', 'probio-3-plus', 'Seven patented bacterial strains for digestive balance and immunity enhancement.',
   481500, 535000, 'KES', 'BFS-DIG-004', 50, 'ACTIVE', '10000000-0000-0000-0000-000000000007'),
  ('20000000-0000-0000-0000-000000000038', 'Cool Roll', 'cool-roll', 'Portable roll-on with plant oils for headaches, muscle aches, mosquito bites.',
   189600, 210600, 'KES', 'BFS-PER-001', 50, 'ACTIVE', '10000000-0000-0000-0000-000000000008'),
  ('20000000-0000-0000-0000-000000000039', 'Dr. Ts Toothpaste', 'dr-ts-toothpaste', '4D tooth protection fighting bacteria, repairing gums, strengthening teeth.',
   86900, 96500, 'KES', 'BFS-PER-002', 50, 'ACTIVE', '10000000-0000-0000-0000-000000000008'),
  ('20000000-0000-0000-0000-000000000040', 'Purewell Water Purifier', 'purewell-water-purifier', 'Seven-layer faucet-mounted water purifier to reduce impurities and improve drinking water quality.',
   648000, null, 'KES', 'BFS-PER-003', 50, 'ACTIVE', '10000000-0000-0000-0000-000000000008'),
  ('20000000-0000-0000-0000-000000000041', 'Gym Effect Capsules', 'gym-effect-capsules', 'Gymnema Sylvestris formulation reducing sugar cravings and supporting healthy blood levels.',
   315900, 351000, 'KES', 'BFS-WGT-001', 50, 'ACTIVE', '10000000-0000-0000-0000-000000000009'),
  ('20000000-0000-0000-0000-000000000042', 'Ez-Xlim', 'ez-xlim', 'Advanced weight management formula for healthy body composition.',
   821400, 912600, 'KES', 'BFS-WGT-002', 50, 'ACTIVE', '10000000-0000-0000-0000-000000000009'),
  ('20000000-0000-0000-0000-000000000043', 'FemiCare Feminine Cleanser', 'femicare-cleanser', 'Natural ingredients for cleaning, irritation relief, and feminine health maintenance.',
   173800, 193100, 'KES', 'BFS-WMN-001', 50, 'ACTIVE', '10000000-0000-0000-0000-000000000010'),
  ('20000000-0000-0000-0000-000000000044', 'Feminergy Capsules', 'feminergy-capsules', 'Specially formulated for female energy, hormonal balance and vitality.',
   473900, 526500, 'KES', 'BFS-WMN-002', 50, 'ACTIVE', '10000000-0000-0000-0000-000000000010'),
  ('20000000-0000-0000-0000-000000000045', 'Femicalcium D3', 'femicalcium-d3', 'Calcium and Vitamin D3 specifically formulated for women.',
   505500, 561600, 'KES', 'BFS-WMN-003', 50, 'ACTIVE', '10000000-0000-0000-0000-000000000010'),
  ('20000000-0000-0000-0000-000000000046', 'FemiBiotics', 'femibiotics', 'Probiotic formula designed for women''s digestive and intimate health.',
   631800, 702000, 'KES', 'BFS-WMN-004', 50, 'ACTIVE', '10000000-0000-0000-0000-000000000010'),
  ('20000000-0000-0000-0000-000000000047', 'X Power Man Plus Capsules', 'xpower-man-plus', 'Premium supplement for male vitality and performance enhancement.',
   663400, 737100, 'KES', 'BFS-MEN-001', 50, 'ACTIVE', '10000000-0000-0000-0000-000000000011'),
  ('20000000-0000-0000-0000-000000000048', 'ProstatRelax Capsules', 'prostat-relax', 'Natural formula for prostate health and urinary function support.',
   379100, 421200, 'KES', 'BFS-MEN-002', 50, 'ACTIVE', '10000000-0000-0000-0000-000000000011'),
  ('20000000-0000-0000-0000-000000000049', 'CereBrain Tablets', 'cerebrain-tablets', 'Ginkgo Biloba formula enhancing blood flow, supporting memory and concentration.',
   394900, 438800, 'KES', 'BFS-BRN-001', 50, 'ACTIVE', '10000000-0000-0000-0000-000000000012'),
  ('20000000-0000-0000-0000-000000000050', 'Detoxilive Capsules', 'detoxilive-capsules', '100% natural, absorbable ingredients promoting liver detoxification and cleansing.',
   315900, 351000, 'KES', 'BFS-DTX-001', 50, 'ACTIVE', '10000000-0000-0000-0000-000000000013')
on conflict (id) do update set
  name = excluded.name, slug = excluded.slug,
  description = excluded.description, price = excluded.price,
  compare_at_price = excluded.compare_at_price, currency = excluded.currency,
  sku = excluded.sku, stock_qty = excluded.stock_qty,
  status = excluded.status, category_id = excluded.category_id,
  updated_at = now();

insert into public.product_images (id, product_id, url, alt_text, sort_order)
values
  ('30000000-0000-0000-0000-000000000001', '20000000-0000-0000-0000-000000000001', 'https://www.bfsumaproducts.co.ke/web/image/product.template/14/image_512', 'Youth Essence Facial Cream', 0),
  ('30000000-0000-0000-0000-000000000002', '20000000-0000-0000-0000-000000000002', 'https://www.bfsumaproducts.co.ke/web/image/product.template/17/image_512', 'Youth Essence Lotion', 0),
  ('30000000-0000-0000-0000-000000000003', '20000000-0000-0000-0000-000000000003', 'https://www.bfsumaproducts.co.ke/web/image/product.template/16/image_512', 'Youth Essence Toner', 0),
  ('30000000-0000-0000-0000-000000000004', '20000000-0000-0000-0000-000000000004', 'https://www.bfsumaproducts.co.ke/web/image/product.template/18/image_512', 'Youth Refreshing Facial Cleanser', 0),
  ('30000000-0000-0000-0000-000000000005', '20000000-0000-0000-0000-000000000005', 'https://www.bfsumaproducts.co.ke/web/image/product.template/15/image_512', 'Youth Essence Facial Mask', 0),
  ('30000000-0000-0000-0000-000000000006', '20000000-0000-0000-0000-000000000006', 'https://www.bfsumaproducts.co.ke/web/image/product.template/39/image_512', 'Anatic Herbal Essence Soap', 0),
  ('30000000-0000-0000-0000-000000000007', '20000000-0000-0000-0000-000000000011', 'https://www.bfsumaproducts.co.ke/web/image/product.template/7/image_512', 'Xpower Coffee', 0),
  ('30000000-0000-0000-0000-000000000008', '20000000-0000-0000-0000-000000000012', 'https://www.bfsumaproducts.co.ke/web/image/product.template/21/image_512', '4 in 1 Ginseng Coffee', 0),
  ('30000000-0000-0000-0000-000000000009', '20000000-0000-0000-0000-000000000013', 'https://www.bfsumaproducts.co.ke/web/image/product.template/22/image_512', '4 in 1 Reishi Coffee', 0),
  ('30000000-0000-0000-0000-000000000010', '20000000-0000-0000-0000-000000000014', 'https://www.bfsumaproducts.co.ke/web/image/product.template/20/image_512', '4 in 1 Cordyceps Coffee', 0),
  ('30000000-0000-0000-0000-000000000011', '20000000-0000-0000-0000-000000000015', 'https://www.bfsumaproducts.co.ke/web/image/product.template/40/image_512', 'Relivin Tea', 0),
  ('30000000-0000-0000-0000-000000000012', '20000000-0000-0000-0000-000000000017', 'https://www.bfsumaproducts.co.ke/web/image/product.template/24/image_512', '4 IN 1 Quad Reishi Capsules', 0),
  ('30000000-0000-0000-0000-000000000013', '20000000-0000-0000-0000-000000000018', 'https://www.bfsumaproducts.co.ke/web/image/product.template/2/image_512', 'Pure & Broken Ganoderma Spores (30s)', 0),
  ('30000000-0000-0000-0000-000000000014', '20000000-0000-0000-0000-000000000019', 'https://www.bfsumaproducts.co.ke/web/image/product.template/3/image_512', 'Pure & Broken Ganoderma Spores (60s)', 0),
  ('30000000-0000-0000-0000-000000000015', '20000000-0000-0000-0000-000000000020', 'https://www.bfsumaproducts.co.ke/web/image/product.template/13/image_512', 'Pure Broken Ganoderma Spores Oil Capsules (60s)', 0),
  ('30000000-0000-0000-0000-000000000016', '20000000-0000-0000-0000-000000000021', 'https://www.bfsumaproducts.co.ke/web/image/product.template/19/image_512', 'Refined Yunzhi Essence', 0),
  ('30000000-0000-0000-0000-000000000017', '20000000-0000-0000-0000-000000000022', 'https://www.bfsumaproducts.co.ke/web/image/product.template/8/image_512', 'Veggie Veggie', 0),
  ('30000000-0000-0000-0000-000000000018', '20000000-0000-0000-0000-000000000023', 'https://www.bfsumaproducts.co.ke/web/image/product.template/10/image_512', 'Blueberry Chewable Tablets', 0),
  ('30000000-0000-0000-0000-000000000019', '20000000-0000-0000-0000-000000000024', 'https://www.bfsumaproducts.co.ke/web/image/product.template/12/image_512', 'Vitamin C Chewable Tablets', 0),
  ('30000000-0000-0000-0000-000000000020', '20000000-0000-0000-0000-000000000025', 'https://www.bfsumaproducts.co.ke/web/image/product.template/62/image_512', 'Elements', 0),
  ('30000000-0000-0000-0000-000000000021', '20000000-0000-0000-0000-000000000026', 'https://www.bfsumaproducts.co.ke/web/image/product.template/45/image_512', 'MicrO2 Cycle Tablets', 0),
  ('30000000-0000-0000-0000-000000000022', '20000000-0000-0000-0000-000000000028', 'https://www.bfsumaproducts.co.ke/web/image/product.template/34/image_512', 'Gluzo-Joint Capsules', 0),
  ('30000000-0000-0000-0000-000000000023', '20000000-0000-0000-0000-000000000029', 'https://www.bfsumaproducts.co.ke/web/image/product.template/31/image_512', 'Arthro Xtra Tablets', 0),
  ('30000000-0000-0000-0000-000000000024', '20000000-0000-0000-0000-000000000030', 'https://www.bfsumaproducts.co.ke/web/image/product.template/59/image_512', 'GluzoJoint-Ultra Pro', 0),
  ('30000000-0000-0000-0000-000000000025', '20000000-0000-0000-0000-000000000031', 'https://www.bfsumaproducts.co.ke/web/image/product.template/38/image_512', 'ZaminoCal Plus Capsules', 0),
  ('30000000-0000-0000-0000-000000000026', '20000000-0000-0000-0000-000000000033', 'https://www.bfsumaproducts.co.ke/web/image/product.template/11/image_512', 'Calcium & Vitamin D3 Milk Tablets', 0),
  ('30000000-0000-0000-0000-000000000027', '20000000-0000-0000-0000-000000000034', 'https://www.bfsumaproducts.co.ke/web/image/product.template/43/image_512', 'NT Diarr Pills', 0),
  ('30000000-0000-0000-0000-000000000028', '20000000-0000-0000-0000-000000000035', 'https://www.bfsumaproducts.co.ke/web/image/product.template/33/image_512', 'Novel Depile Capsules', 0),
  ('30000000-0000-0000-0000-000000000029', '20000000-0000-0000-0000-000000000036', 'https://www.bfsumaproducts.co.ke/web/image/product.template/44/image_512', 'Consti Relax Solution', 0),
  ('30000000-0000-0000-0000-000000000030', '20000000-0000-0000-0000-000000000037', 'https://www.bfsumaproducts.co.ke/web/image/product.template/23/image_512', 'Probio 3 Plus', 0),
  ('30000000-0000-0000-0000-000000000031', '20000000-0000-0000-0000-000000000038', 'https://www.bfsumaproducts.co.ke/web/image/product.template/27/image_512', 'Cool Roll', 0),
  ('30000000-0000-0000-0000-000000000032', '20000000-0000-0000-0000-000000000039', 'https://www.bfsumaproducts.co.ke/web/image/product.template/41/image_512', 'Dr. Ts Toothpaste', 0),
  ('30000000-0000-0000-0000-000000000033', '20000000-0000-0000-0000-000000000041', 'https://www.bfsumaproducts.co.ke/web/image/product.template/25/image_512', 'Gym Effect Capsules', 0),
  ('30000000-0000-0000-0000-000000000034', '20000000-0000-0000-0000-000000000042', 'https://www.bfsumaproducts.co.ke/web/image/product.template/5/image_512', 'Ez-Xlim', 0),
  ('30000000-0000-0000-0000-000000000035', '20000000-0000-0000-0000-000000000043', 'https://www.bfsumaproducts.co.ke/web/image/product.template/35/image_512', 'FemiCare Feminine Cleanser', 0),
  ('30000000-0000-0000-0000-000000000036', '20000000-0000-0000-0000-000000000044', 'https://www.bfsumaproducts.co.ke/web/image/product.template/30/image_512', 'Feminergy Capsules', 0),
  ('30000000-0000-0000-0000-000000000037', '20000000-0000-0000-0000-000000000045', 'https://www.bfsumaproducts.co.ke/web/image/product.template/60/image_512', 'Femicalcium D3', 0),
  ('30000000-0000-0000-0000-000000000038', '20000000-0000-0000-0000-000000000046', 'https://www.bfsumaproducts.co.ke/web/image/product.template/61/image_512', 'FemiBiotics', 0),
  ('30000000-0000-0000-0000-000000000039', '20000000-0000-0000-0000-000000000047', 'https://www.bfsumaproducts.co.ke/web/image/product.template/37/image_512', 'X Power Man Plus Capsules', 0),
  ('30000000-0000-0000-0000-000000000040', '20000000-0000-0000-0000-000000000048', 'https://www.bfsumaproducts.co.ke/web/image/product.template/32/image_512', 'ProstatRelax Capsules', 0),
  ('30000000-0000-0000-0000-000000000041', '20000000-0000-0000-0000-000000000049', 'https://www.bfsumaproducts.co.ke/web/image/product.template/36/image_512', 'CereBrain Tablets', 0),
  ('30000000-0000-0000-0000-000000000042', '20000000-0000-0000-0000-000000000050', 'https://www.bfsumaproducts.co.ke/web/image/product.template/42/image_512', 'Detoxilive Capsules', 0)
on conflict (id) do update set
  product_id = excluded.product_id, url = excluded.url,
  alt_text = excluded.alt_text, sort_order = excluded.sort_order,
  updated_at = now();
